,Protein 1,Protein 2,LIS,LIA,ipTM,pTM,AFM Confidence,pLDDT,PDB file path,PKL file path,Distances,SASA,Change in SASA (%),MSA_depth_peptidase,MSA_depth_inhibitors
1DPJ_1_and_1H9H_2_1,1DPJ_1,1H9H_2,0.014,53,0.279,0.871,0.397,85.943,unrelaxed_model_1_multimer_v3_pred_0.pdb,result_model_1_multimer_v3_pred_0.pkl,11.290998,12.47748607786855,7.768924493596047,41176,177
1DPJ_1_and_1H9H_2_2,1DPJ_1,1H9H_2,0.015,44,0.288,0.869,0.404,85.746,unrelaxed_model_2_multimer_v3_pred_0.pdb,result_model_2_multimer_v3_pred_0.pkl,9.460174,8.780302280970089,-24.163911893504153,41176,177
1DPJ_1_and_1H9H_2_3,1DPJ_1,1H9H_2,0.445,19691,0.755,0.918,0.788,90.656,unrelaxed_model_3_multimer_v3_pred_0.pdb,result_model_3_multimer_v3_pred_0.pkl,11.39151,14.9623886695892,29.231202881233386,41176,177
1DPJ_1_and_1H9H_2_4,1DPJ_1,1H9H_2,0.079,2062,0.394,0.879,0.491,86.855,unrelaxed_model_4_multimer_v3_pred_0.pdb,result_model_4_multimer_v3_pred_0.pkl,12.325767,15.470123766319118,33.616546608387615,41176,177
1DPJ_1_and_1H9H_2_5,1DPJ_1,1H9H_2,0.318,18619,0.686,0.909,0.73,89.651,unrelaxed_model_5_multimer_v3_pred_0.pdb,result_model_5_multimer_v3_pred_0.pkl,11.778563,15.468011165265413,33.59829992455876,41176,177
1DPJ_1_and_1DPJ_2_1,1DPJ_1,1DPJ_2,0.739,20626,0.941,0.95,0.942,95.507,unrelaxed_model_1_multimer_v3_pred_0.pdb,result_model_1_multimer_v3_pred_0.pkl,10.636618,0.0,-100.0,41176,60
1DPJ_1_and_1DPJ_2_2,1DPJ_1,1DPJ_2,0.731,20523,0.936,0.947,0.938,95.244,unrelaxed_model_2_multimer_v3_pred_0.pdb,result_model_2_multimer_v3_pred_0.pkl,10.585888,0.0,-100.0,41176,60
1DPJ_1_and_1DPJ_2_3,1DPJ_1,1DPJ_2,0.733,20586,0.937,0.947,0.939,95.445,unrelaxed_model_3_multimer_v3_pred_0.pdb,result_model_3_multimer_v3_pred_0.pkl,10.595839,0.0,-100.0,41176,60
1DPJ_1_and_1DPJ_2_4,1DPJ_1,1DPJ_2,0.732,20690,0.94,0.95,0.942,95.424,unrelaxed_model_4_multimer_v3_pred_0.pdb,result_model_4_multimer_v3_pred_0.pkl,10.535084,0.0,-100.0,41176,60
1DPJ_1_and_1DPJ_2_5,1DPJ_1,1DPJ_2,0.733,20766,0.941,0.947,0.942,95.066,unrelaxed_model_5_multimer_v3_pred_0.pdb,result_model_5_multimer_v3_pred_0.pkl,10.582688,0.0,-100.0,41176,60
1DPJ_1_and_6R6A_2_1,1DPJ_1,6R6A_2,0.226,2017,0.575,0.934,0.647,93.046,unrelaxed_model_1_multimer_v3_pred_0.pdb,result_model_1_multimer_v3_pred_0.pkl,8.421708,9.679956028748059,-16.39353922311229,41176,1
1DPJ_1_and_6R6A_2_2,1DPJ_1,6R6A_2,0.213,1987,0.565,0.93,0.638,92.647,unrelaxed_model_2_multimer_v3_pred_0.pdb,result_model_2_multimer_v3_pred_0.pkl,8.41015,2.9238712493953933,-74.7463184540042,41176,1
1DPJ_1_and_6R6A_2_3,1DPJ_1,6R6A_2,0.225,2013,0.576,0.932,0.647,93.455,unrelaxed_model_3_multimer_v3_pred_0.pdb,result_model_3_multimer_v3_pred_0.pkl,9.139978,10.955155394576197,-5.3795526466039245,41176,1
1DPJ_1_and_6R6A_2_4,1DPJ_1,6R6A_2,0.275,2051,0.631,0.939,0.693,93.828,unrelaxed_model_4_multimer_v3_pred_0.pdb,result_model_4_multimer_v3_pred_0.pkl,9.350743,10.38979044637231,-10.262649452648903,41176,1
1DPJ_1_and_6R6A_2_5,1DPJ_1,6R6A_2,0.234,1983,0.584,0.934,0.654,93.136,unrelaxed_model_5_multimer_v3_pred_0.pdb,result_model_5_multimer_v3_pred_0.pkl,9.74024,12.567687264832777,8.547998487068389,41176,1
1DPJ_1_and_4OR0_1_1,1DPJ_1,4OR0_1,0.0,0,0.325,0.685,0.397,89.584,unrelaxed_model_1_multimer_v3_pred_0.pdb,result_model_1_multimer_v3_pred_0.pkl,22.829308,9.280912089188028,-19.840109784176637,41176,5309
1DPJ_1_and_4OR0_1_2,1DPJ_1,4OR0_1,0.0,0,0.261,0.659,0.34,90.034,unrelaxed_model_2_multimer_v3_pred_0.pdb,result_model_2_multimer_v3_pred_0.pkl,21.541006,12.298016842536134,6.218836090310368,41176,5309
1DPJ_1_and_4OR0_1_3,1DPJ_1,4OR0_1,0.0,0,0.156,0.614,0.247,89.027,unrelaxed_model_3_multimer_v3_pred_0.pdb,result_model_3_multimer_v3_pred_0.pkl,20.180063,13.05444078172779,12.752122834062796,41176,5309
1DPJ_1_and_4OR0_1_4,1DPJ_1,4OR0_1,0.0,0,0.156,0.611,0.247,88.798,unrelaxed_model_4_multimer_v3_pred_0.pdb,result_model_4_multimer_v3_pred_0.pkl,18.019201,12.504448604896076,8.00180173515354,41176,5309
1DPJ_1_and_4OR0_1_5,1DPJ_1,4OR0_1,0.0,0,0.162,0.619,0.253,89.005,unrelaxed_model_5_multimer_v3_pred_0.pdb,result_model_5_multimer_v3_pred_0.pkl,21.04338,11.70890046848486,1.13059654935965,41176,5309
1DPJ_1_and_1SMR_2_1,1DPJ_1,1SMR_2,0.202,2925,0.544,0.931,0.621,92.159,unrelaxed_model_1_multimer_v3_pred_0.pdb,result_model_1_multimer_v3_pred_0.pkl,8.645666,3.161679135647714,-72.69235502118057,41176,10
1DPJ_1_and_1SMR_2_2,1DPJ_1,1SMR_2,0.201,2623,0.534,0.927,0.613,92.005,unrelaxed_model_2_multimer_v3_pred_0.pdb,result_model_2_multimer_v3_pred_0.pkl,8.082505,0.0,-100.0,41176,10
1DPJ_1_and_1SMR_2_3,1DPJ_1,1SMR_2,0.139,2333,0.475,0.926,0.565,91.925,unrelaxed_model_3_multimer_v3_pred_0.pdb,result_model_3_multimer_v3_pred_0.pkl,8.678657,6.356925792658091,-45.094785000361966,41176,10
1DPJ_1_and_1SMR_2_4,1DPJ_1,1SMR_2,0.211,2735,0.551,0.932,0.627,92.12,unrelaxed_model_4_multimer_v3_pred_0.pdb,result_model_4_multimer_v3_pred_0.pkl,8.716002,5.349940122031984,-53.79219103444477,41176,10
1DPJ_1_and_1SMR_2_5,1DPJ_1,1SMR_2,0.22,2691,0.561,0.929,0.635,92.067,unrelaxed_model_5_multimer_v3_pred_0.pdb,result_model_5_multimer_v3_pred_0.pkl,8.332657,0.1429526449227886,-98.76530795540863,41176,10
1DPJ_1_and_1UEA_2_1,1DPJ_1,1UEA_2,0.0,0,0.155,0.655,0.255,85.326,unrelaxed_model_1_multimer_v3_pred_0.pdb,result_model_1_multimer_v3_pred_0.pkl,15.069503,11.760756165250118,1.57847784807496,41176,5530
1DPJ_1_and_1UEA_2_2,1DPJ_1,1UEA_2,0.0,0,0.221,0.674,0.311,85.415,unrelaxed_model_2_multimer_v3_pred_0.pdb,result_model_2_multimer_v3_pred_0.pkl,13.393052,15.700516978308642,35.60646897830923,41176,5530
1DPJ_1_and_1UEA_2_3,1DPJ_1,1UEA_2,0.0,0,0.178,0.654,0.273,86.163,unrelaxed_model_3_multimer_v3_pred_0.pdb,result_model_3_multimer_v3_pred_0.pkl,14.351924,13.856481753766296,19.679407097653282,41176,5530
1DPJ_1_and_1UEA_2_4,1DPJ_1,1UEA_2,0.0,0,0.194,0.663,0.288,85.174,unrelaxed_model_4_multimer_v3_pred_0.pdb,result_model_4_multimer_v3_pred_0.pkl,14.164205,14.036278967763096,21.23232827572203,41176,5530
1DPJ_1_and_1UEA_2_5,1DPJ_1,1UEA_2,0.0,0,0.146,0.652,0.247,84.981,unrelaxed_model_5_multimer_v3_pred_0.pdb,result_model_5_multimer_v3_pred_0.pkl,13.423893,15.465806636610033,33.5792592555712,41176,5530
1DPJ_1_and_1SMP_2_1,1DPJ_1,1SMP_2,0.104,3133,0.409,0.794,0.486,88.869,unrelaxed_model_1_multimer_v3_pred_0.pdb,result_model_1_multimer_v3_pred_0.pkl,7.6211495,0.0,-100.0,41176,2137
1DPJ_1_and_1SMP_2_2,1DPJ_1,1SMP_2,0.0,0,0.315,0.786,0.409,86.967,unrelaxed_model_2_multimer_v3_pred_0.pdb,result_model_2_multimer_v3_pred_0.pkl,13.757436,16.139388377186087,39.39703210559758,41176,2137
1DPJ_1_and_1SMP_2_3,1DPJ_1,1SMP_2,0.011,1,0.316,0.784,0.41,87.792,unrelaxed_model_3_multimer_v3_pred_0.pdb,result_model_3_multimer_v3_pred_0.pkl,11.429276,12.905255916432427,11.463602663952564,41176,2137
1DPJ_1_and_1SMP_2_4,1DPJ_1,1SMP_2,0.0,0,0.213,0.759,0.322,87.402,unrelaxed_model_4_multimer_v3_pred_0.pdb,result_model_4_multimer_v3_pred_0.pkl,11.449741,13.490612887845561,16.519371980010035,41176,2137
1DPJ_1_and_1SMP_2_5,1DPJ_1,1SMP_2,0.035,129,0.26,0.765,0.361,86.936,unrelaxed_model_5_multimer_v3_pred_0.pdb,result_model_5_multimer_v3_pred_0.pkl,9.310313,5.629186016087598,-51.38032461489378,41176,2137
